1.000000	-0.166646	0.641027	-0.064805	0.179903	0.758947	-0.967097	-1.191150	-0.229080	0.417796	0.116080	-0.554292	0.463389	-0.691080	0.820956	-0.317469	0.293513	-1.194779	-0.507363	-0.445681	1.536699	-1.402850	1.293186	0.206080	0.646133	0.521062	1.715947	-1.319637	0.226681	-0.265699	-0.427717	-0.703018	-1.091717	-0.733920	-0.885558	1.500018	1.646407	1.724717	-1.069558	1.222920	-1.805779	-0.864894	-0.006770	0.009336	-1.124832	-2.408035	-1.149929	-0.066965	1.165142	-1.547903	0.129177	0.991372	-1.109221	-0.157779	1.973991	2.040442	1.737779	-0.925398	-1.792354	-0.675965	-0.055726	-0.083186	2.203876	-0.566425	0.306770	0.758805	0.638611	-0.525442	1.320796	2.089655	0.118991	0.538788	0.523319	-2.176062	1.439345	0.514708	0.037628	-2.057442	-1.364133	0.177053	-0.026159	-1.514327	-0.487681	-2.052150	-0.732504	-0.672619	-1.402071	-0.280195	-0.808133	0.933575	0.366823	-0.036080	-0.760540	-0.719000	-1.559186	-0.966071	-1.213699	-0.528690	-1.444372	-1.832655	0.143442	-0.533743	0.333929	1.374053	0.458841	0.155204	0.480283	0.226929	-0.169451	0.838319	1.872115	1.646053	1.872080	0.712929	0.785257	3.121345	-0.691655	-1.714018	-0.506381	0.508487	1.698973	-0.994823	1.335894	-0.525372	-0.487664	-0.869159	-0.417885	-0.311956	-1.302540	0.102832	-0.925858	0.658575	-0.753832	-1.477451	-1.244487	-0.567442	0.157628	0.924363	-0.348487	2.627319	-0.050159	0.061345	-0.563292	1.104708	1.299664	0.108035	0.625540	2.900115	-0.179398	-0.387389	-0.274646	1.605558	0.249628	1.632363	1.025619	-1.068027	-0.127761	1.433637	0.124796	0.876221	-1.258637	1.208690	-0.433035	1.324743	-1.580956	1.067389	0.251071	0.393345	0.978168	-1.369283	-1.011265	0.933867	0.274531	1.210469	-1.176575	0.096044	0.105566	1.299496	0.299956	-1.269248	-0.832973	1.293717	-1.630717	-0.552982	-0.047504	-0.181770	2.381062	-0.722690	0.136274	-1.409991	-0.486761	1.235416	-0.515106	0.431885	0.208265	0.533186	0.627602	-0.579106	0.028743	-0.326522	1.114814	1.013602	-0.222035	0.182743	-0.590319	-0.954504	0.289690	0.726319	-0.969124	0.333150	-1.775655	0.499566	-0.185460	1.552115	0.728681	-0.768159	0.338646	-0.101814	-0.706212	1.992274	-0.062938	0.861619	-0.362584	0.693239	1.600858	-0.365407	0.305204	1.286938	-1.123558	2.329726	-0.619752	-1.116177	0.814097	1.146124	-0.492637	2.122168	-0.274575	-0.385389	0.437779	-1.118566	-0.997850	-0.000938	-0.876655	-0.317531	1.091637	0.567442	0.520920	-1.000398	0.107938	0.714071	-0.459239	-0.369655	2.156920	0.924522	-0.574726	0.111805	0.360071	-0.664442	-0.202920	0.885159	-2.096513	1.024389	-1.232920	-0.460053	-0.447372	2.434027	-0.212150	1.918690	-0.388903	-1.083487	0.073761	0.032177	-0.171876	2.016168	2.246690	0.320327	1.760027	-0.638779	-1.625646	0.338133	-1.038885	-0.389239	0.023115	-0.030265	0.595310	-0.373850	1.158018	0.213133	-0.338982	-0.930655	0.953292	1.402796	1.969708	1.050894	-1.688195	-1.065566	0.536832	-0.546699	-0.796929	-0.166708	-0.992398
0.000000	-0.224874	0.461526	-0.215232	-0.026221	0.222168	-0.957442	-1.421916	-0.014926	0.450874	0.286358	-0.577105	-0.000358	-0.534905	0.870947	-0.517326	-0.321379	-1.395905	-0.283968	-0.573305	1.489389	-1.260653	1.111116	1.143747	0.673389	0.316779	2.438589	-0.758084	0.552495	-0.360789	-0.922379	-0.372853	-1.102937	-0.749400	-0.573000	1.206411	1.452389	1.883537	-0.453737	1.068232	-1.953389	-0.452011	-0.137379	-0.049168	-1.241347	-2.181358	-1.333337	-0.534379	0.854611	-1.369568	0.082011	1.191989	-1.241084	0.151768	2.052895	2.227916	1.761495	-0.477126	-2.205737	-0.268695	0.188484	-0.461011	1.984537	-0.728168	0.140232	0.912263	0.998621	-0.710968	1.517021	1.815611	0.303789	0.406768	0.528358	-1.869663	1.568242	0.419926	-0.281568	-2.169968	-1.058137	0.352463	0.614705	-0.913147	-0.342316	-2.078221	-0.544379	-1.119389	-1.295000	0.456558	-0.500632	0.319168	0.423800	0.619842	-1.133811	-0.487632	-1.251789	-1.504832	-1.674021	-0.667347	-2.002874	-2.177905	0.282747	-0.374063	0.816558	0.986116	0.931832	0.205832	0.098126	0.821063	-0.434632	0.806253	1.349126	1.800989	2.091411	1.353126	0.800568	2.507779	-0.407947	-1.812547	-0.248442	0.788158	1.568958	-0.903063	1.571379	-0.403842	-0.475600	-0.767526	-0.415000	-0.536316	-0.939326	-0.109905	-0.545526	0.551011	-0.553537	-1.093537	-1.069747	-0.553021	0.338516	0.358884	-0.886684	2.753211	-0.641547	0.168568	-0.633505	0.967589	1.524747	0.365253	0.448832	2.846453	-0.168274	-0.550021	-0.577853	1.724874	0.168705	1.410747	0.713042	-1.153137	-0.570021	1.069589	0.127758	1.463695	-1.465316	1.117558	-0.449600	1.238653	-1.704842	1.009084	-0.108779	0.415979	1.109011	-1.188716	-0.586326	1.454053	0.182074	0.681326	-1.057716	0.538484	-0.087421	1.014011	0.371074	-1.054505	-0.304589	1.398021	-1.663011	-0.044147	0.376200	-0.004105	2.076053	-0.799947	0.551642	-1.317979	-0.415084	1.196168	-0.190653	0.529379	0.695874	0.899063	0.159968	-0.560674	0.196137	-0.386063	0.915263	1.083653	0.250116	0.372789	-0.343863	-0.912947	0.848874	0.880726	-1.158842	0.516189	-1.827558	0.571411	-0.553211	1.539874	0.162116	-0.535632	0.046663	-0.223274	-1.018863	2.034168	-0.117042	1.286979	-0.244674	0.939274	1.022232	-0.756000	0.163326	1.310621	-1.018179	2.194505	-0.235042	-0.961800	0.859158	1.610537	-0.148884	1.874295	-0.325989	-0.703242	1.016474	-1.217158	-0.824768	-0.115695	-1.085789	-0.412042	1.218537	0.969053	-0.011905	-0.651716	0.649916	1.038832	-1.124589	0.167189	2.018526	1.053811	-0.046042	0.074726	0.673926	-0.307505	-0.356316	0.911368	-1.501726	0.933011	-1.621074	-0.233232	-0.368779	2.252421	-0.475295	1.778274	-0.661074	-1.157084	-0.073368	0.091768	-0.134474	2.170726	1.918379	0.214505	1.912526	-1.083242	-1.566663	0.380347	-1.053989	-0.663726	-0.200516	0.024968	0.358589	-0.066253	1.663074	0.168158	-0.059305	-0.707368	0.246095	1.219989	1.632926	1.121937	-2.125463	-0.660474	0.533968	-0.387232	-0.260568	-0.057000	-1.058874
0.000000	-0.222178	0.437475	-0.083073	0.295687	0.260162	-1.182100	-1.070100	-0.380494	0.296753	0.495641	-0.567780	0.054900	-0.407602	0.525622	-0.245992	-0.046680	-0.978676	-0.128703	-0.091942	1.285680	-1.125645	1.293892	0.300085	0.622097	0.394683	1.636382	-0.759981	0.084062	0.094042	-0.485104	-0.531691	-1.043564	-0.657753	-0.757903	1.389900	1.878444	1.499467	-0.975541	1.277629	-1.762073	-0.511911	0.046587	0.103243	-0.963622	-2.353313	-0.894097	-0.208633	1.737734	-1.319865	0.242471	0.569158	-0.986625	-0.368031	2.259587	1.766819	1.440633	-0.757853	-1.728560	-0.377073	0.000000	-0.333104	2.015085	-0.722633	-0.074347	0.994869	0.670019	-0.820734	1.601602	2.052834	-0.069035	0.236247	0.486610	-1.778069	1.552270	0.463645	-0.296000	-2.301344	-1.538336	-0.110768	0.286042	-1.707066	-0.414042	-2.275436	-0.682131	-1.173069	-1.151355	-0.412838	-0.624027	0.705846	0.356085	0.203274	-0.778714	-0.583023	-1.618436	-1.128459	-1.401085	-0.503633	-1.530745	-1.872726	0.403042	-0.559907	0.854390	1.557347	0.619239	0.467309	0.358853	0.550722	0.054069	0.659127	1.498849	1.308695	1.860301	1.407772	0.930606	2.949089	-0.440934	-1.777614	-0.833259	0.800803	1.744124	-1.025259	1.536629	-0.309436	-0.415792	-0.945579	-0.425058	-0.755571	-1.234653	0.399857	-0.696297	0.581417	-0.559931	-1.444386	-1.174653	-0.665710	0.028977	0.359452	-0.384757	2.416942	-0.299896	0.167560	-0.745224	0.908413	1.346390	0.158046	0.297181	2.599934	-0.351969	0.271042	-0.062216	1.302031	0.232753	1.740900	0.842162	-1.148792	0.112919	1.397069	-0.000405	1.239023	-1.444320	1.125703	-0.490405	0.892178	-1.721193	0.997328	0.102826	0.493718	0.807544	-1.480741	-0.949475	1.416815	0.200544	1.156259	-1.525595	0.403120	0.068313	1.069819	0.088486	-1.297108	-0.381691	1.505710	-1.368575	-0.326031	0.072969	-0.162764	2.323826	-0.622822	0.482552	-1.404892	-0.426826	1.191069	-0.207475	0.518371	0.645247	0.521525	0.627293	-0.730834	0.288656	-0.531371	0.897649	1.034757	0.010432	0.618888	-0.570884	-0.770456	0.804865	0.670058	-1.001440	-0.131069	-1.706637	0.516811	-0.225625	1.919259	0.393185	-0.524208	0.413988	-0.329660	-0.630988	1.711571	-0.295726	0.819595	-0.285004	1.084819	1.309297	-0.418050	0.439942	1.210683	-1.135471	2.153247	-0.455680	-1.051753	0.810753	1.333201	-0.734390	1.979297	-0.284367	-0.437888	0.497120	-1.260436	-1.120598	0.005749	-0.985139	0.032737	0.713830	0.559622	0.338830	-0.688278	0.376486	0.876988	-1.131537	-0.187923	1.854162	0.943853	-0.302552	0.248050	0.633737	-0.704448	0.089031	0.888942	-1.850344	0.775050	-1.289745	-0.523042	-0.242147	2.198208	-0.252803	1.917251	-0.273942	-1.172683	0.249490	-0.111680	0.052768	2.141409	2.294479	0.533923	1.506344	-0.888448	-1.614170	0.676081	-1.638224	-0.132811	0.095174	-0.201873	0.563174	0.184668	1.289147	0.348324	-0.335680	-0.813988	0.593510	1.128050	1.733483	0.909541	-1.432618	-0.532459	0.318089	-0.501185	-0.148741	-0.023637	-0.963004
1.000000	-0.215923	0.612535	0.061671	0.085265	0.741600	-0.981794	-0.644045	-0.246800	-0.010755	-0.079084	-0.779123	-0.105458	-0.738632	0.342555	-0.600277	-0.032194	-1.198413	-0.261368	-0.450819	1.536452	-0.949077	0.926813	0.500819	0.642658	0.372703	1.636168	-0.705452	0.236445	-0.254445	-0.950303	-0.814529	-0.627781	-1.121135	-0.419084	1.462677	1.839742	1.854761	-0.781800	1.152929	-1.923135	-0.893471	-0.082342	-0.092200	-0.691910	-2.686961	-1.438445	-0.093619	1.873168	-1.161948	0.282194	0.790561	-1.158897	-0.491697	2.071374	1.743832	2.041490	-0.646852	-1.310503	-0.343923	0.170639	-0.195116	2.124316	-0.725929	0.136910	0.834290	0.447245	-0.544271	1.473123	1.875239	0.080174	0.586929	0.356703	-1.854865	1.493368	0.195465	-0.173394	-2.697774	-1.011458	0.562832	-0.112232	-1.465084	-1.191019	-1.818310	-0.908129	-0.822439	-1.271471	-0.065632	-0.698348	0.458716	0.653206	0.294071	-0.672639	-0.149787	-1.438252	-1.172219	-1.277987	-0.288426	-1.604606	-1.707710	0.193594	-0.304097	0.977465	1.239310	0.728310	0.222994	0.566052	0.714961	-0.097148	0.479052	1.537968	1.356290	1.894671	0.887768	0.694316	2.519071	-0.501258	-1.612516	-0.874123	0.170084	1.278574	-0.858832	2.112877	-1.029535	-0.619148	-0.981723	-0.549516	-0.728819	-0.637839	0.192329	-0.622168	0.492632	-0.598090	-1.418471	-1.166858	-0.491058	-0.083026	0.793529	-0.586129	2.684774	-0.357168	0.313058	-0.900742	1.068471	1.302290	0.231103	0.391884	2.814632	-0.121865	-0.645019	-0.481135	1.250923	0.517619	0.842948	0.659677	-0.972219	0.055819	1.240271	-0.253942	0.833806	-1.395174	1.077994	-0.383955	0.319581	-1.414400	0.866516	-0.465923	0.179942	0.804877	-1.441716	-0.926026	1.476335	0.379890	1.081174	-1.536265	0.327787	-0.017342	1.227877	0.336206	-0.912065	-0.400323	1.136890	-1.539045	-0.490781	0.178994	-0.424968	2.413574	-0.668097	0.282516	-1.523277	-0.694729	1.101497	-0.385535	0.234252	0.244516	0.426465	0.532542	-0.339794	0.046632	-0.311032	1.032374	0.833748	-0.154813	0.213019	-0.660361	-0.501839	0.664142	0.854581	-0.969561	-0.321284	-1.490465	-0.076419	0.070890	1.659065	0.933665	-0.611426	-0.179032	0.066065	-0.771148	1.742981	-0.212916	1.300768	-0.438058	0.688606	1.522129	-0.335290	0.450568	1.230432	-1.080058	2.186219	-0.150716	-1.104465	0.802890	1.476477	-0.440787	1.948497	-0.184232	-0.776342	0.388374	-1.429523	-1.034813	-0.073748	-1.150529	0.135865	1.221845	0.318213	0.672026	-0.835619	0.083890	1.187600	-0.833310	-0.228994	2.057542	0.609594	-0.355445	0.262994	0.512948	-0.626535	0.114581	0.552935	-1.983477	0.800148	-1.672781	-0.520865	-0.587329	2.091000	0.280445	1.738871	0.207935	-1.439129	0.103310	0.453813	0.089523	2.099703	2.436058	0.756994	1.623058	-0.597097	-1.645568	0.571948	-1.577761	-0.288426	0.002206	-0.044445	0.194052	0.158290	1.252071	0.310110	-0.140245	-0.819961	0.782935	1.265284	2.031135	1.000090	-1.678897	-0.803419	0.971355	-0.574032	-0.612645	-0.445148	-1.046948
1.000000	-0.190994	0.584182	-0.568333	-0.006448	0.260109	-1.062927	-1.009406	0.090424	0.216255	0.318812	-0.462739	-0.149673	-0.758782	0.734248	-0.445830	-0.026970	-1.311794	-0.161115	-0.468315	1.461533	-1.134473	1.034273	0.330139	0.476782	0.664994	2.016776	-0.904273	0.090200	-0.047430	-0.513152	-0.687309	-0.972533	-0.750800	-0.679915	1.364521	2.146624	1.932309	-0.806885	1.142121	-1.972261	-1.018606	-0.322121	0.064018	-1.272709	-2.232539	-1.523303	-0.504315	1.227952	-1.263545	0.052897	0.739952	-1.000952	-0.167091	2.191636	1.841885	2.101133	-0.839067	-2.081503	-0.097333	0.144455	-0.139667	2.190376	-0.575673	0.118000	0.766376	0.660630	-0.115018	1.258527	1.994333	0.070533	0.621836	0.282788	-1.715673	1.344570	0.476230	-0.255545	-2.226406	-1.297836	0.511333	0.041315	-1.247388	-0.547655	-2.306018	-0.624527	-1.058836	-1.161776	0.059533	-0.381679	0.296958	0.260515	-0.038400	-1.061879	-0.870697	-1.479861	-1.257267	-1.335703	-0.134624	-1.861030	-2.130442	0.213291	-0.697752	0.193297	1.223291	0.773576	0.424648	0.225697	0.380327	-0.053509	0.540539	1.609121	1.698036	1.627521	0.813533	1.240939	2.826588	-0.602806	-2.207400	-0.268436	0.753655	1.400473	-0.623164	1.735873	-0.667685	-0.388776	-0.913158	-0.400327	-0.468879	-1.346521	0.570182	-0.839727	0.542212	-0.907024	-1.209352	-0.912309	-0.459473	0.211018	0.485345	-0.265661	2.780824	0.093891	0.203394	-0.596352	1.106303	1.480758	0.329558	0.278673	2.688291	-0.265303	-0.331758	-0.577685	1.964042	0.179648	1.573212	0.730176	-0.909091	-0.119230	1.436236	-0.172315	1.082558	-1.400830	1.192418	-0.351552	1.049879	-1.776739	1.044430	0.410830	0.584018	0.798897	-1.469218	-0.764261	1.368794	0.311679	0.505782	-1.298903	0.559436	0.071667	1.305927	0.415352	-1.209606	-0.615891	1.366176	-1.546158	-0.220345	0.315891	-0.201479	2.404782	-0.423261	0.510582	-1.329679	-0.505752	1.130994	0.000709	0.497024	0.544067	0.480291	0.519970	-0.578770	-0.043206	-0.353412	0.983212	0.808873	0.051267	0.443576	-0.651727	-0.766758	0.469139	0.767097	-1.057733	0.165018	-1.919921	0.357497	-0.538479	1.722988	0.624006	-0.545982	0.204976	-0.018121	-0.739370	1.988370	-0.192988	0.972255	-0.400879	0.966812	1.886830	-0.691764	0.209812	1.498127	-0.867709	1.993982	-0.281055	-1.044376	0.830521	1.579988	-0.332691	1.907309	-0.373709	-0.521533	0.661982	-1.109897	-0.856733	-0.118006	-1.181467	-0.171321	1.250442	0.696855	0.508236	-0.976321	0.494267	0.835182	-0.936976	-0.106873	2.045552	0.716806	-0.346273	0.317952	0.738952	-0.746848	-0.016915	0.506218	-2.189812	0.885248	-1.594345	-0.393315	-0.355515	2.483988	-0.168158	1.591273	0.110491	-1.390485	-0.192261	0.311479	0.010267	1.961964	1.821406	0.616927	1.388885	-0.803939	-1.429261	0.634685	-1.348552	-0.116642	0.196691	-0.282539	0.462794	-0.451570	1.214891	0.205376	-0.551200	-0.993430	0.747267	1.306824	1.628176	1.013248	-1.533091	-0.942067	0.776758	-0.544267	-0.248915	-0.224418	-1.118242
0.000000	-0.215320	0.762156	-0.247766	0.326848	0.615291	-0.808168	-1.029951	0.233078	0.449152	0.257189	-0.510680	0.106557	-0.714934	0.804402	-0.340041	-0.182529	-1.133102	-0.253033	-0.693852	1.008320	-1.204717	0.966484	0.456754	0.633361	0.402475	1.639709	-1.154070	0.041529	-0.190861	-0.236631	-0.824869	-0.894336	-0.756680	-0.780877	1.549906	1.782828	1.612066	-0.915131	1.325721	-1.750541	-0.830270	-0.114873	-0.187098	-1.128135	-2.284857	-1.303385	-0.116869	1.271242	-1.406389	0.421713	0.931168	-0.767885	-0.183299	1.938152	1.710893	1.795045	-0.396070	-1.700520	-0.398217	0.065209	-0.264734	1.939369	-0.827693	0.266676	1.062951	0.981189	-0.822180	1.537762	2.005373	0.105254	0.961230	0.309209	-1.957664	1.576053	0.517115	-0.424455	-2.321672	-1.607553	0.271184	0.082561	-1.461783	-0.733996	-2.196947	-0.398590	-0.862533	-1.278254	-0.116725	-0.746730	0.902049	0.201926	0.041340	-0.820463	-0.481221	-1.591463	-0.982861	-1.720184	-0.488799	-1.467947	-1.789283	0.197398	-0.492779	0.717795	1.324193	0.674475	0.514328	0.457951	0.500361	0.221422	0.688877	1.766770	1.516869	1.634291	0.840430	0.844730	2.787377	-0.667455	-1.959385	-0.589980	0.501939	1.676340	-1.021406	1.371500	-0.658123	-0.447512	-1.201586	-0.452697	-0.601766	-0.958377	0.153090	-0.889984	0.946430	-0.715008	-1.591816	-0.795881	-0.698365	-0.094201	0.692225	-0.498266	2.728648	-0.268947	0.234381	-0.650320	1.102029	1.655008	0.013344	0.539020	2.815508	-0.351439	-0.399311	-0.277861	1.523648	0.308172	1.666410	0.826414	-1.192070	0.154156	1.409213	-0.196172	1.073857	-1.423385	0.996234	-0.456939	1.076795	-1.699299	0.980643	0.095127	0.443926	0.691164	-1.512086	-0.869357	1.095832	0.389611	1.074127	-1.226094	0.434471	0.221025	1.137291	0.379861	-1.437172	-0.130930	1.469959	-1.469930	-0.234221	0.024471	-0.146324	2.109209	-0.482926	0.427393	-1.569504	-0.279168	1.147484	-0.444980	0.436865	0.410488	0.776090	0.386439	-0.972971	0.253086	-0.427939	0.704963	0.788754	-0.115500	0.802725	-0.605672	-0.639098	0.849189	0.637205	-0.956787	0.158672	-1.912902	0.379930	-0.243791	1.809602	0.411025	-0.749607	0.334365	-0.347807	-0.918680	2.025172	-0.272389	1.089717	-0.454775	0.819947	1.524934	-0.438537	0.173668	1.457537	-1.169016	1.961762	-0.684992	-0.893541	0.823254	1.423020	-0.354332	2.048311	-0.101504	-0.453988	0.546156	-1.113270	-1.099799	-0.277434	-1.045689	-0.177758	0.913402	0.695742	0.673766	-0.927877	0.343725	0.678484	-0.963828	-0.054869	2.159016	0.882680	-0.492492	-0.011459	0.629869	-0.710143	-0.084320	0.651893	-1.811893	0.891066	-1.699598	-0.051176	-0.413926	2.250791	-0.188443	1.651500	-0.074275	-1.053143	0.490996	0.040094	0.010787	1.802533	2.265086	0.587721	1.476881	-0.765541	-1.275648	0.675131	-1.120283	-0.215381	-0.279057	-0.067861	0.215611	-0.197496	1.433418	0.059656	-0.344865	-0.704537	0.783947	1.487516	1.585066	0.723602	-1.420352	-0.499045	0.597266	-0.351184	-0.261959	-0.581643	-0.783607
0.000000	-0.209725	0.187544	-0.307415	0.038094	0.274205	-0.617199	-1.255474	-0.248602	0.348778	0.376404	-0.769743	0.080345	-0.808164	0.539094	-0.006158	0.073427	-1.192854	-0.181462	-0.332772	1.560275	-0.912497	1.575965	0.623836	0.371187	0.117713	1.776263	-0.981854	0.452287	-0.371737	-0.694006	-0.641661	-1.107789	-0.768895	-0.711175	1.213444	1.895819	1.615982	-0.803439	1.221719	-2.340211	-0.727649	-0.014327	0.389450	-1.239789	-2.257772	-1.068725	-0.584713	1.504936	-1.293749	0.195713	0.902058	-1.111047	-0.262702	2.133152	2.108854	1.473889	-0.966883	-1.466988	-0.603222	0.150772	-0.574789	2.357392	-0.696865	-0.031351	0.830994	1.110480	-0.876608	1.333064	1.686772	0.078222	0.622912	0.502234	-1.917023	1.639977	0.495895	-0.328702	-2.586994	-1.448018	0.129251	0.631269	-1.173327	-0.255398	-2.577322	-1.093655	-0.993696	-0.944860	0.108766	-0.925287	0.589199	0.447795	0.473439	-0.862088	-0.711942	-1.152743	-1.329988	-1.382667	-0.308567	-1.398778	-1.815263	0.475766	-0.631579	0.769667	1.096965	0.661269	0.099076	0.474889	0.610000	-0.062058	0.655906	1.451901	1.544281	1.800614	1.120427	0.890298	2.874994	-0.045877	-1.770222	-0.652737	0.872292	1.713725	-1.134088	1.382971	-0.775749	-0.716275	-0.655678	-0.408485	-0.412257	-1.316158	0.174304	-0.521942	1.001871	-0.442673	-1.507567	-1.009175	-0.698023	0.164450	0.601667	-0.666111	2.489778	-0.530708	0.241170	-0.583708	1.016719	1.223339	0.212263	0.091216	2.666170	-0.399503	-0.111661	0.262930	1.777281	-0.156181	1.083620	0.635310	-1.111187	-0.280146	1.251953	0.284708	1.424327	-1.385632	1.013965	-0.395865	1.115632	-1.514222	1.346550	0.518322	0.530094	1.130906	-1.394760	-0.839877	1.583784	0.345333	1.103053	-1.208895	0.565713	-0.380538	1.094883	0.147743	-1.239836	-0.845678	1.419094	-1.521690	-0.359772	0.322632	-0.127491	2.692152	-0.735538	0.465170	-1.221673	-0.547836	1.201404	-0.195281	0.431035	0.413673	0.363825	0.356690	-0.718357	-0.089842	-0.390690	0.665895	1.134211	-0.006339	-0.008515	-0.621608	-0.814216	0.352474	0.599556	-0.718971	-0.053345	-1.739906	0.379784	-0.440000	1.554509	0.649292	-0.825830	-0.066310	0.105731	-0.743532	1.957234	-0.152029	0.990918	0.087076	0.763450	1.336509	-0.379556	0.402216	1.178959	-1.120544	1.836135	-0.313117	-1.173322	0.494579	1.515784	-0.394971	1.460561	-0.231544	-0.530281	0.853848	-1.158561	-1.107246	-0.272567	-1.095023	-0.223433	0.756684	0.607035	0.074813	-0.501316	0.309398	0.511912	-0.767789	-0.463778	1.904053	1.308076	0.029795	0.395678	0.579468	-0.414392	-0.084392	0.805415	-1.726480	0.585135	-1.626468	-0.307760	-0.255135	1.888889	-0.037415	2.126193	-0.215351	-1.043901	0.097491	0.136456	-0.056848	2.076696	2.045895	0.508152	1.336573	-0.802351	-1.434146	0.956480	-1.073088	-0.536819	-0.104936	-0.170175	0.737211	0.044117	1.141345	0.067386	-0.540573	-0.782158	0.331906	1.057263	1.318713	0.965953	-1.490977	-0.546661	0.802427	-0.400415	0.034503	-0.218170	-1.232123
1.000000	-0.222648	1.079352	0.072623	0.321385	0.576852	-0.860672	-0.630279	-0.143574	0.270434	-0.122459	-0.499861	0.348828	-0.904713	0.590172	-0.373836	0.118754	-1.252910	-0.276197	-0.681844	1.395074	-1.162041	1.125918	0.206869	0.687877	0.602123	1.423893	-1.019270	0.253131	-0.313254	-0.241959	-0.686959	-0.998434	-0.652902	-1.029926	1.359811	1.708090	1.815484	-0.762131	1.227492	-1.658230	-0.964221	0.288656	-0.100598	-0.868607	-2.647566	-1.049238	-0.305066	1.391172	-1.598000	0.160238	0.916844	-0.928025	-0.410344	2.641844	1.565336	2.141377	-0.656738	-1.645795	-0.148016	-0.203492	0.058902	2.198008	-0.726377	0.290746	1.406902	0.627475	-0.630402	1.993967	2.230377	0.012172	0.661713	0.445205	-2.407721	1.654254	0.461803	0.022967	-1.850984	-1.461082	0.180566	-0.678779	-1.885508	-1.085836	-1.915910	-0.781344	-1.153623	-1.387270	-0.117893	-0.884730	0.688270	0.115500	-0.104697	-0.458008	-0.380434	-1.415049	-1.261000	-0.819557	-0.604508	-1.541230	-1.848689	-0.546746	-0.783934	0.180680	1.526066	0.450189	0.299639	0.613066	0.066238	0.006672	0.720385	1.698270	1.601508	1.440639	0.676689	0.367811	3.144410	-1.152598	-1.892008	-0.136631	0.207549	1.587975	-1.292721	1.444836	-0.913459	-0.466566	-0.907672	-0.459787	-0.649721	-1.182713	0.070377	-1.141369	0.871607	-0.573451	-1.626434	-1.486467	-0.420377	-0.556926	1.125082	-0.266869	2.518828	0.371377	-0.055516	-0.441705	1.292885	1.319131	0.025344	0.618639	2.577361	-0.398205	-0.113525	-0.493361	1.385770	0.280779	1.742836	1.211959	-1.588213	-0.352680	1.567303	-0.074754	1.155426	-1.529049	1.168803	0.122770	0.927639	-1.295402	0.876180	0.048287	0.171861	0.826975	-1.197066	-0.909197	0.884934	0.197934	1.465156	-1.534852	-0.340057	0.419066	1.239180	-0.028549	-1.573533	-0.551607	1.769836	-1.348508	-0.172484	0.219664	-0.162893	2.075844	-0.574984	0.178262	-1.520189	-0.309057	1.198885	-0.314484	0.624205	0.046500	0.609090	0.739525	-0.296861	-0.104443	-0.323918	0.920746	0.665254	-0.125992	0.091074	-0.217139	-1.029721	0.527746	1.122221	-1.163549	0.202344	-1.719230	0.126721	-0.257639	1.679410	0.806656	-0.537959	0.550590	-0.355541	-0.462631	1.475459	-0.087828	0.751680	-0.452311	1.059893	1.522090	-0.144631	0.611197	1.485467	-1.290951	2.108844	-0.361721	-0.988680	1.096639	1.175303	-0.526467	2.485828	-0.096270	-0.483352	0.444451	-1.222525	-0.966574	-0.353213	-1.088262	-0.129475	0.738615	0.349803	0.793205	-1.246484	0.010393	1.216557	-0.520123	-0.701295	1.920754	0.942795	-0.775664	-0.072000	0.536582	-1.054500	0.167754	0.586877	-1.908246	1.088287	-1.089689	-0.222410	-0.352344	2.329238	-0.051328	1.702303	-0.033164	-1.338443	0.452279	0.009320	-0.046877	1.979148	2.449082	0.367500	1.423779	-0.843508	-1.696107	0.114869	-0.946943	-0.170000	-0.239287	-0.251311	0.325443	0.066623	1.194500	0.228057	-0.332525	-1.167541	0.945213	1.335033	1.833738	1.048139	-1.747467	-0.581623	0.713344	-0.618344	-0.427016	-0.669943	-0.948467
0.000000	-0.255216	0.623320	-0.278888	0.344320	0.267448	-0.548712	-1.301928	-0.501008	0.169072	0.817000	-0.353496	-0.030648	-0.784392	0.841736	-0.514072	-0.293760	-1.232616	0.162744	-0.159128	1.449080	-1.296040	0.932480	0.467936	0.691784	0.387880	1.812872	-0.689224	0.043432	-0.281424	-0.438600	-1.114192	-0.615240	-0.805112	-0.671440	1.556016	1.533248	1.706200	-0.587352	1.227440	-1.616968	-0.569520	0.028192	0.109504	-0.743608	-2.260960	-1.550632	-0.487840	1.654896	-1.459576	0.247416	0.852344	-1.132128	-0.577952	2.151456	1.346944	1.828304	-0.674552	-1.194136	0.040016	-0.141944	-0.338200	1.709056	-0.714152	0.077040	1.290448	0.655272	-0.629936	1.609168	1.800952	0.459096	0.384160	0.054232	-2.052760	1.294592	0.411608	-0.278864	-2.462704	-1.092392	0.416568	-0.159184	-1.469504	-0.824864	-2.065176	-0.681256	-0.943696	-1.361952	-0.096672	-0.862544	0.401240	0.667408	-0.192800	-0.666768	-0.472328	-1.522800	-1.654928	-1.727952	-0.336912	-1.407304	-1.958512	-0.025008	-0.770520	0.494672	1.602552	0.524776	0.183392	0.179928	1.041160	-0.538616	0.672376	1.372600	1.170112	2.154360	1.169592	0.889248	2.903032	-0.689472	-1.768656	-0.437064	0.609984	1.500192	-0.869160	1.944840	-0.575952	-0.594208	-0.616920	-0.935680	-0.651272	-1.568448	0.013280	-0.900400	0.752640	-0.973528	-1.319712	-0.896304	-0.784664	0.170864	0.465464	-0.497872	2.464232	-0.338664	-0.009760	-0.841232	0.978208	1.361592	0.003648	0.596848	2.862112	-0.484272	-0.327728	-0.452296	1.531232	0.252952	1.530008	0.742112	-1.009048	-0.143560	0.992336	-0.284536	1.128256	-1.155152	1.358752	-0.638880	0.803288	-1.871656	1.213136	-0.052016	0.152984	1.049112	-1.256952	-0.967488	1.663568	0.136440	1.053624	-1.431648	0.025784	-0.159592	1.233960	-0.056448	-1.542520	-0.351704	1.385344	-1.514544	-0.274456	0.499248	-0.326256	2.457336	-0.432088	0.538472	-1.563560	-0.472456	0.965136	-0.055968	0.681320	0.274072	0.723856	0.830032	-0.966744	-0.157288	-0.600136	0.744592	0.943200	-0.079256	0.256920	-0.397288	-0.832800	0.708432	0.797080	-1.154848	-0.482904	-1.852112	0.374320	0.063024	1.710624	0.986128	-0.448912	0.063752	-0.051048	-0.950264	1.695080	-0.218144	1.106464	-0.099680	0.981688	1.341632	-0.414304	0.393776	1.238688	-1.115960	1.915960	-0.518104	-1.087968	0.923624	1.511184	-0.537744	1.921624	-0.821832	-0.485688	0.558904	-1.464440	-0.977336	-0.349576	-1.384016	-0.211552	0.752576	0.694464	0.091112	-0.662056	0.828824	1.108960	-0.818640	-0.403688	2.057440	1.064928	-0.315968	0.564656	0.641432	-0.799912	-0.041304	0.533576	-2.089968	0.430320	-1.663640	-0.695960	-0.685496	2.339000	0.233592	1.848400	0.002696	-1.296112	0.244704	-0.041472	-0.260304	2.214888	2.485408	0.107552	1.345120	-1.321168	-1.614480	0.517384	-1.262432	-0.207784	-0.157592	-0.205048	0.745568	0.100568	1.353768	0.201312	0.042808	-0.639168	0.298952	0.928432	2.113192	1.251776	-1.538952	-0.704904	0.258264	-0.568328	-0.763904	-0.526120	-0.895976
1.000000	-0.185746	0.672811	0.042514	0.191935	0.119751	-0.823616	-0.943643	-0.320973	0.160670	0.347951	-0.392092	-0.106097	-0.952043	0.403995	-0.408611	0.000486	-1.187676	0.097243	-0.503141	1.741335	-1.048238	1.235724	0.395714	0.659557	0.420827	1.950297	-0.834238	-0.136184	-0.208832	-0.484881	-0.733638	-0.936762	-0.609773	-0.667124	1.276178	1.733389	1.958492	-1.052292	0.777168	-1.935995	-0.779443	0.021659	0.423270	-0.928027	-2.492200	-1.263108	-0.167778	1.629146	-1.099541	0.160168	0.859427	-0.877670	-0.020151	1.998714	2.062968	1.754503	-0.909995	-1.439649	-0.023935	0.049519	-0.294297	1.948314	-0.413259	0.009416	1.050141	0.582735	-0.592308	1.292038	1.732573	0.281043	0.501292	0.169757	-1.980389	1.457389	0.148184	-0.344027	-2.771789	-1.364141	0.356195	-0.210746	-1.269681	-0.493205	-2.170043	-0.734859	-0.943568	-1.057649	-0.417276	-0.582200	0.613541	0.307914	-0.117303	-0.641286	-0.532303	-1.344470	-1.151935	-1.326654	-0.051292	-1.507459	-1.661459	0.062908	-0.732357	0.552843	1.320935	0.574957	0.277649	0.381659	0.557249	-0.323681	0.925292	1.466005	1.466773	1.863822	1.342432	0.929714	2.915357	-0.690605	-1.790508	-0.271686	0.689438	1.581243	-0.967659	1.939703	-0.651211	-0.508670	-1.010973	-0.663497	-0.515081	-1.163854	0.193832	-0.797086	0.498519	-0.483465	-1.468643	-0.992438	-0.288757	-0.248195	0.539903	-0.475114	2.571216	-0.023189	-0.040227	-0.857708	0.878995	1.577351	0.284211	0.502605	2.753692	-0.342659	-0.140973	-0.600243	1.617978	0.473778	1.577389	1.062076	-0.545200	-0.187405	1.053751	-0.250708	1.201222	-1.492541	1.270697	-0.044870	0.924541	-1.774751	1.118281	0.329995	0.330465	0.844049	-1.322919	-0.734124	1.070200	0.086697	1.142330	-1.396205	0.431724	-0.117492	1.043735	0.211038	-1.576762	-0.795232	1.114903	-1.511784	-0.255016	0.265951	-0.479005	2.531195	-0.637454	0.333757	-1.654935	-0.284978	1.052184	0.214114	0.358973	0.360249	0.308005	0.619524	-0.198616	-0.097108	-0.500400	0.995130	1.050081	0.145351	0.328362	-0.556968	-0.571789	0.671968	0.909000	-1.059438	-0.194892	-1.959816	0.214314	-0.363973	1.286378	0.456827	-0.676092	0.170989	-0.026741	-0.992324	2.022892	-0.518843	0.897665	-0.347216	0.912876	1.655016	-0.970757	0.213032	1.424908	-1.207243	1.984238	-0.457881	-0.954005	0.778897	1.506081	-0.441632	2.167373	-0.599951	-0.618438	0.501486	-1.095362	-0.732903	-0.040427	-1.243292	0.057914	0.995259	0.744735	0.395611	-0.635784	0.290903	0.968238	-0.800432	-0.254632	1.564205	1.055978	-0.275914	0.245827	0.546114	-0.700741	-0.098043	0.477065	-2.222497	0.771330	-1.701195	-0.233989	-1.029546	2.190486	-0.094870	1.912449	0.024378	-1.575768	0.107368	-0.009157	-0.013519	1.907135	2.172205	0.685362	1.705076	-0.889741	-1.405097	0.444011	-1.291232	-0.423108	-0.063978	-0.131065	0.573027	-0.032227	1.088730	0.442411	-0.602216	-1.068432	0.680546	1.321422	1.601259	1.388589	-1.520605	-0.722070	0.766665	-0.703032	-0.304746	-0.112741	-0.835411
0.000000	-0.219709	0.490573	0.023155	0.635408	0.636534	-0.435447	-1.409738	-0.165951	0.192670	-0.230835	-0.939864	0.439942	-0.671981	0.867155	-0.075311	-0.243000	-1.553602	-0.190155	-0.650748	1.513204	-1.346981	1.349942	0.444379	0.459058	-0.104330	1.961971	-1.283155	0.734233	-0.699495	-0.650806	-0.464990	-1.166981	-0.588369	-0.574534	1.423039	1.711408	1.625097	-1.175990	1.359680	-1.625757	-0.329806	0.206903	0.102136	-1.027961	-2.525854	-1.118553	-0.226078	1.189350	-1.440767	0.392068	1.152097	-0.926301	-0.140476	2.130117	1.828874	1.818437	-0.519738	-1.716233	-0.400456	0.042485	-0.648631	2.045757	-0.417078	-0.191301	0.753553	0.958097	-1.280748	1.777592	1.589990	-0.101515	0.552272	0.098000	-2.162359	1.878194	0.262136	-0.427126	-2.304291	-0.893010	0.641301	0.272767	-1.753796	-0.776476	-1.461126	-0.389583	-0.844262	-1.228951	-0.142990	-0.996981	0.561456	0.134922	0.357019	-1.124184	-0.626311	-1.335825	-0.978641	-1.670961	-0.473097	-1.347631	-1.902903	-0.068786	-0.401971	0.934631	1.175505	0.877524	0.596417	0.468243	0.419010	0.190485	0.929505	1.523204	1.427786	1.526883	0.727971	0.619117	3.194320	-0.194243	-1.775019	-0.324563	0.577184	1.562175	-1.125583	1.136670	-0.426786	-0.589612	-0.967699	-0.698379	-0.695359	-1.147757	0.243068	-0.650485	0.998107	-0.695136	-1.537398	-1.170194	-0.808854	0.173146	0.544971	-0.433573	2.410660	-0.522728	0.263942	-0.490204	1.428961	1.302107	0.653417	0.055214	2.920961	-0.453757	-0.249223	-0.154233	1.398126	0.436107	1.958272	0.638583	-1.402563	0.384311	1.264650	-0.164029	1.200816	-1.252165	0.990913	-0.379126	1.111029	-1.411981	1.214515	-0.185262	0.321835	0.260476	-1.222155	-0.931485	1.096612	0.118340	1.397874	-1.158272	0.724748	0.278369	1.253544	0.105039	-1.400126	-0.438097	1.863262	-1.536777	-0.297874	0.081728	-0.184485	2.157777	-0.915505	0.711165	-1.093835	-0.453466	1.446631	-0.643757	0.093573	0.317951	0.596466	0.491592	-0.712117	0.181699	-0.507835	0.763340	0.637718	-0.113350	0.208252	-0.324932	-1.070243	0.652262	0.584932	-1.064835	-0.284971	-1.425631	0.107126	-0.475777	1.601796	0.580874	-0.852777	0.129049	-0.299223	-0.808583	2.046184	-0.120107	1.230680	0.123981	0.797485	1.653845	-0.155350	0.617903	1.265660	-1.621913	2.511971	-0.802340	-1.090146	0.498505	1.450107	-0.415883	1.971340	-0.123524	-0.589680	0.254922	-1.022000	-1.116728	-0.046573	-0.873709	-0.598786	1.198437	0.906204	0.281068	-0.856107	-0.007709	1.337524	-0.650155	-0.354379	2.162058	1.187951	-0.038670	0.257738	0.644612	-0.881107	-0.066068	0.707223	-1.737631	1.157243	-1.632534	-0.488379	-0.079165	1.874932	-0.100806	1.701951	-0.698845	-0.725718	0.444214	0.362233	-0.400398	1.983301	2.463340	0.494068	1.350447	-0.642816	-1.799408	0.389757	-0.920126	-0.042718	-0.252534	0.047476	-0.216417	-0.233942	1.341466	-0.153117	-0.623777	-0.779670	0.746816	1.521010	1.435806	0.526243	-2.268146	-0.291961	0.993427	-0.636359	-0.403767	-0.636612	-0.765136
0.000000	-0.212043	0.487546	-0.146376	0.146979	0.215901	-0.856128	-0.887475	-0.105206	0.119574	0.475305	-1.086603	0.131894	-0.527617	0.835262	-0.295050	0.064816	-1.077199	-0.173582	-0.331617	1.584638	-1.077461	1.368993	0.404723	0.494319	0.366887	1.637404	-0.906298	0.613752	-0.184482	-0.407291	-0.739908	-0.912085	-0.591064	-0.595184	1.348702	2.037064	1.722496	-0.769589	1.485156	-1.732915	-0.491021	0.078652	0.275766	-1.036121	-2.570794	-0.856794	-0.189057	1.376184	-1.318582	0.376369	0.834177	-0.872142	-0.114773	1.869511	1.947773	1.824965	-0.726291	-1.634702	-0.774830	0.126773	-0.484440	2.077574	-0.733191	0.207929	1.020738	0.740305	-0.854142	1.573823	1.783270	0.175191	0.520979	0.568908	-1.885092	1.832028	0.408206	-0.585957	-2.638929	-1.246390	0.407447	0.263794	-1.463333	-0.859723	-2.204603	-0.627468	-1.315879	-0.909759	-0.359241	-0.444816	0.813135	0.262887	0.242915	-1.017092	-0.664695	-1.411915	-1.182376	-1.435177	-0.526908	-1.224901	-1.544333	0.045113	-0.638277	1.036291	1.308695	0.845142	0.373128	0.289220	0.655369	0.288014	0.564319	1.621801	1.509177	1.863582	0.894752	0.779305	2.923376	-0.309149	-1.707489	-0.897418	0.611475	1.563816	-1.030028	1.555667	-0.594915	-0.625652	-0.938447	-0.233411	-0.679262	-0.870213	0.313426	-0.539199	0.713681	-0.634716	-1.536745	-1.191411	-0.624901	-0.037766	0.459035	-0.320170	2.467461	-0.080319	0.568270	-0.546844	0.855887	1.372589	0.269305	0.168695	2.702482	-0.085773	-0.357879	-0.329383	1.358950	0.589872	1.393596	0.827780	-1.007064	-0.051128	1.160589	-0.044149	1.204865	-1.557248	0.823277	-0.222362	0.748220	-1.382816	0.906787	0.311738	0.370851	0.818773	-1.417745	-0.827255	1.496652	0.457830	1.213589	-1.478099	0.404936	-0.340383	1.082759	0.127085	-1.289489	-0.319582	1.776184	-1.594773	-0.274936	-0.013248	-0.032489	2.233865	-0.838738	0.427206	-1.209979	-0.220695	1.270787	-0.146596	0.181170	0.650957	0.494234	0.382567	-0.717489	0.071624	-0.495957	0.628220	0.948936	-0.106674	0.564610	-0.375163	-0.745298	0.768355	0.625454	-1.012099	-0.071007	-1.644064	0.666383	-0.346582	1.881369	0.650085	-0.601759	0.361794	-0.156589	-0.644170	1.847156	-0.611128	0.918759	-0.050277	0.786050	1.285433	-0.486241	0.264681	1.425028	-1.376567	2.199830	-0.513057	-0.792518	0.901560	1.469418	-0.381801	1.672397	0.107213	-0.594837	0.570284	-1.140121	-0.776468	0.137355	-1.082298	-0.065794	0.950730	0.799929	0.231277	-0.574546	0.351738	1.255638	-0.954745	-0.119369	2.039213	0.808553	-0.219135	0.147404	0.699312	-0.774355	-0.008220	0.746028	-1.748894	0.745099	-1.699489	-0.390355	-0.545440	1.812298	-0.062064	1.631596	-0.190099	-1.079943	0.280007	-0.116397	-0.021035	1.817482	2.144234	0.261950	1.520638	-0.799830	-1.515050	0.665950	-1.210362	-0.230156	-0.143369	0.049397	0.320312	0.177305	1.481333	0.239340	-0.256426	-0.887511	0.637567	1.135922	1.671645	0.746638	-1.733617	-0.474035	0.752284	-0.958475	-0.278121	-0.227560	-1.126319
0.000000	-0.197932	0.758972	-0.344403	0.194949	0.457722	-0.961062	-1.121420	0.063028	0.288369	0.511267	-0.731472	0.216875	-0.725574	0.752915	-0.126682	-0.187585	-1.085216	-0.201063	-0.568790	1.139500	-0.905500	1.128102	0.605750	0.329159	0.442767	1.662773	-1.016790	0.518636	-0.245375	-0.500773	-0.657687	-0.874767	-0.479710	-0.780205	1.418301	1.568636	1.636239	-1.103534	1.467472	-1.917420	-0.892460	0.239278	0.057568	-1.016983	-2.340449	-1.106568	-0.444119	1.480364	-1.504347	0.243733	1.006028	-0.613403	-0.151869	2.271977	1.913847	1.581557	-0.578068	-1.833205	-0.472307	0.138051	-0.088739	2.034063	-0.804432	-0.050727	1.278420	0.793636	-0.718926	1.554813	2.058335	0.065955	0.806460	0.300068	-2.036892	1.530023	0.282835	-0.297955	-2.282381	-1.367114	0.287011	0.323193	-1.548074	-0.710278	-2.134523	-0.381108	-1.107358	-1.105466	-0.342739	-0.801523	0.735267	0.449614	0.214625	-0.699619	-0.422233	-1.666193	-1.003193	-1.398642	-0.515955	-1.485710	-1.677136	0.202898	-0.525420	0.741131	1.415420	0.875045	0.590659	0.443807	0.479114	0.038676	0.607835	1.633187	1.376915	1.831710	1.125858	0.816977	2.902938	-0.548227	-2.069739	-0.650051	0.629295	1.758199	-0.829807	1.393835	-0.618926	-0.467835	-1.254869	-0.449324	-0.617534	-1.146824	0.495801	-0.827250	0.680807	-0.561733	-1.583455	-1.164631	-0.613710	0.095523	0.449466	-0.259449	2.623767	-0.112636	0.343045	-0.636324	0.988511	1.334068	0.167222	0.417426	2.725517	-0.555034	0.116631	-0.022989	1.568313	0.033847	1.693443	0.930784	-1.043125	-0.006250	1.088295	0.022244	1.198131	-1.495631	1.020170	-0.682847	0.972136	-1.518886	0.945034	0.005744	0.513347	0.903727	-1.373585	-0.795165	1.163074	0.547784	1.104045	-1.132597	0.348563	0.143148	0.995256	0.163068	-1.430011	-0.398080	1.732744	-1.540892	-0.269841	0.235938	-0.253875	2.122437	-0.582864	0.369261	-1.439210	-0.148920	0.980653	-0.152062	0.398318	0.399858	0.867511	0.488835	-1.110136	-0.009614	-0.582983	0.684818	0.648597	0.125767	0.334239	-0.351000	-0.716568	0.714131	0.779955	-1.181017	0.114324	-1.670540	0.432665	-0.426273	1.824619	0.521045	-0.736932	0.377886	-0.278983	-0.709688	1.688915	-0.336983	1.091795	-0.344108	0.999625	1.545847	-0.212869	0.227136	1.227193	-1.207438	2.206693	-0.573750	-0.909466	0.741159	1.389352	-0.476432	1.979284	-0.297852	-0.354483	0.547205	-1.170710	-1.098182	-0.203227	-1.029364	-0.394500	0.938523	0.461489	0.390290	-0.634693	0.295875	0.963551	-0.942085	-0.223511	1.702369	0.846938	-0.393864	0.158426	0.376335	-0.694386	-0.007557	1.063705	-1.839426	1.075608	-1.467358	-0.306392	-0.448869	2.093222	-0.492324	1.857182	-0.016369	-1.222676	0.243028	-0.025324	0.171545	1.907972	2.025381	0.567256	1.334040	-0.919528	-1.706778	0.694097	-1.386216	0.001955	-0.096960	-0.021136	0.340398	-0.144949	1.360114	-0.081875	-0.358818	-0.425852	0.840193	1.396892	1.613722	0.815057	-1.885511	-0.612824	0.658222	-0.481852	-0.266625	-0.559040	-0.969460
0.000000	-0.208037	0.730139	0.018917	0.169028	0.314083	-0.693880	-1.335500	-0.409213	0.391972	0.111741	-0.522833	0.490889	-0.615824	0.904380	0.121250	-0.299528	-1.340472	-0.175500	-0.264454	1.299037	-0.988074	1.161333	0.375315	0.527528	0.383880	2.139352	-0.861287	0.417991	-0.986194	-0.437139	-0.624093	-0.770157	-0.757324	-0.569981	1.558463	1.653102	1.859583	-1.172611	1.083148	-1.759778	-0.575880	0.340741	0.174343	-1.139981	-2.393222	-1.122120	-0.496296	1.166546	-1.385750	0.072981	1.001926	-0.843278	-0.061361	2.007593	1.999630	1.758704	-0.532935	-1.635000	-0.546620	0.395722	-0.292556	1.830361	-0.835361	0.034259	1.063435	0.830611	-0.856231	1.611009	2.022824	0.179537	0.573370	0.093435	-1.885380	2.161000	-0.017583	-0.536083	-2.272167	-0.971657	0.353231	0.231972	-1.548787	-0.817778	-2.330111	-0.426519	-0.884046	-0.956657	-0.536843	-0.860704	0.645583	-0.105093	0.142204	-1.017315	-0.549028	-1.490676	-1.072917	-1.536806	-0.622685	-1.432028	-1.982500	0.280574	-0.641204	0.929713	1.484907	0.788065	0.376315	0.754630	0.432398	0.126704	0.846704	1.188870	1.526806	1.741611	0.749574	0.939944	3.011926	-0.510926	-1.406046	-0.411713	0.793102	1.473241	-1.488222	1.664194	-0.417806	-0.548565	-0.993130	-0.629500	-0.675648	-1.051954	0.402981	-0.473139	0.931528	-0.660407	-1.379102	-1.377880	-0.846694	0.532343	0.654046	-0.590648	2.596444	-0.299241	0.252917	-0.795991	0.984815	1.577713	0.808731	0.281444	2.707944	-0.334278	-0.041796	-0.142593	1.407315	0.453574	1.882787	0.626454	-1.265241	0.277843	1.021148	0.217972	1.397500	-1.437602	0.954019	-0.437213	0.974259	-1.492130	1.074000	0.167991	0.000065	0.745963	-1.415843	-1.254222	0.930528	0.376852	0.928130	-1.319426	0.373528	0.141250	0.984528	0.081806	-1.329787	-0.448500	1.751130	-1.647694	-0.273593	-0.040861	0.087148	2.579315	-0.984611	0.550407	-1.206954	-0.589269	1.387093	-0.277296	0.388204	0.347444	0.372593	0.243713	-0.396222	-0.128713	-0.605157	0.764204	0.641231	0.091870	0.194750	-0.155157	-0.795944	0.605167	0.662519	-1.021111	0.039250	-1.573657	0.444435	-0.459741	1.450741	0.270167	-0.817148	0.224657	-0.481435	-0.720537	2.007370	-0.340852	1.026972	-0.191491	1.062972	1.489694	-0.539833	0.364481	1.292083	-1.235935	2.199602	-0.657991	-1.142185	0.747583	1.457111	-0.292074	2.063417	-0.102120	-0.678148	0.518565	-0.836463	-0.863009	-0.158852	-0.917769	-0.507046	1.112630	0.838944	0.206259	-1.049852	0.367759	1.091417	-0.588639	-0.450694	2.171694	1.152000	-0.423481	0.174685	0.390935	-0.825009	-0.117926	0.734454	-1.679000	1.067352	-1.605917	-0.553370	-0.546509	2.156056	-0.231222	1.849556	-0.728417	-1.028111	0.222972	0.241769	-0.013546	2.303417	2.401713	0.697407	1.456398	-0.816787	-2.004278	0.416870	-1.174176	-0.330630	-0.252241	0.275861	0.250278	-0.114167	1.676694	-0.010926	-0.382583	-0.601991	0.829241	1.228972	1.608583	0.843593	-1.695935	-0.325250	0.698639	-0.422269	-0.184861	-0.362194	-1.054176
1.000000	-0.249981	0.339899	0.206391	0.039662	0.314870	-0.936164	-0.767507	-0.164193	0.375802	0.494667	-0.787502	0.054836	-0.894285	0.440710	-0.516957	-0.102372	-0.718242	0.055024	-0.125184	1.392696	-1.166826	1.597208	0.464981	0.393411	0.321546	1.220657	-0.974913	0.194208	-0.083048	-1.038744	-0.813850	-0.864126	-0.794121	-0.461005	1.037575	1.821449	1.402831	-0.996184	0.999208	-1.839671	-0.645609	-0.082942	0.020536	-1.007367	-2.334145	-0.876618	-0.146140	1.758483	-1.252309	-0.003184	0.495101	-0.819908	-0.915314	2.355039	1.766778	1.740164	-1.012290	-1.314285	-0.417425	0.327430	-0.530208	2.012681	-0.479159	-0.090271	0.863377	0.652222	-0.447894	1.836227	2.095193	0.240976	0.630589	0.095700	-1.645942	1.723671	0.379908	-0.333580	-2.660034	-1.214227	0.379386	0.130430	-1.545309	-0.538159	-2.168444	-0.656696	-0.900155	-1.145643	0.002855	-0.468604	0.522768	0.894575	-0.175483	-0.502246	-0.677652	-1.802662	-1.163889	-1.272623	-0.230377	-1.543217	-1.473923	0.200744	-0.629981	0.836623	1.503865	0.563111	0.577575	0.665150	0.481628	0.256986	0.704763	1.211768	1.317097	1.987271	1.239411	0.840188	2.784077	-0.401092	-1.435213	-1.226111	0.621633	1.676242	-1.149290	1.750101	-0.751121	-0.509285	-0.664140	-0.635396	-0.514894	-1.162285	0.312908	-0.886662	0.677860	-0.570242	-1.277164	-1.090164	-0.719213	-0.277870	0.200174	-0.380000	2.478242	-0.240662	-0.172034	-0.746551	1.091787	1.298014	0.549865	0.335551	2.777483	-0.505106	-0.088469	0.050237	1.443415	0.201232	1.610493	0.837121	-0.918667	0.180966	1.459826	-0.002140	0.728087	-1.426647	1.159783	-0.604184	0.617850	-1.986324	0.789899	0.107111	0.636420	1.003251	-1.256754	-0.901942	1.220005	0.326541	1.391614	-1.649357	0.328758	-0.190821	1.112647	0.063681	-0.898604	-0.231865	1.569870	-1.405043	-0.421604	0.498937	-0.107807	2.500527	-0.941860	0.052014	-1.320609	-0.734362	1.063333	0.083720	0.496449	0.357855	0.218362	0.629512	-0.586164	-0.154411	-0.738300	0.590406	0.811831	0.038865	0.397300	-0.682758	-0.722420	0.669502	0.372705	-0.926928	-0.319169	-1.324633	0.372242	-0.205324	1.664715	0.817386	-0.496652	0.394614	0.134812	-0.641638	1.690155	-0.550662	0.821908	-0.274203	0.996691	1.295184	-0.389324	0.055768	0.990053	-1.029599	1.933826	-0.432643	-0.896430	0.866908	1.482048	-0.555135	1.710222	-0.274058	-0.737300	0.819068	-1.310845	-1.076845	-0.161628	-0.798280	-0.201957	0.988425	0.565087	0.299560	-0.562599	-0.074734	0.775700	-1.247000	-0.199696	1.536671	1.113874	-0.295227	0.271000	0.584889	-0.831768	-0.089251	0.738034	-1.646198	0.824290	-1.473667	-0.536251	-0.391913	2.008541	-0.025043	1.795667	0.160304	-1.382667	0.063058	-0.151729	-0.104976	1.878995	2.414386	0.625874	1.463498	-0.857947	-1.705512	0.524986	-1.359425	-0.062546	-0.077783	-0.138343	0.371010	0.284174	1.278899	0.487647	-0.249536	-0.902894	0.329527	0.886507	1.898604	1.096188	-1.472478	-1.234179	0.502164	-0.782570	-0.404217	-0.517063	-1.170599
1.000000	-0.232048	0.258645	0.053060	-0.058440	0.271855	-1.192898	-0.813373	-0.323096	0.286078	0.043343	-1.021801	0.147470	-0.782078	0.250127	-0.370307	-0.209578	-0.753741	0.061705	-0.050235	1.356620	-1.066892	1.324108	0.225090	0.514578	0.265018	1.826717	-0.549398	-0.034693	-0.124235	-0.751723	-0.805030	-0.749048	-0.830699	-0.446229	1.236392	1.835241	1.688120	-0.840566	1.173398	-1.960693	-0.792229	-0.069765	0.080434	-0.993970	-2.376151	-1.195259	-0.194259	1.756458	-1.128175	0.121705	0.828735	-1.110163	-0.144259	2.092331	1.768289	1.738199	-0.782681	-1.366494	-0.538102	0.300006	-0.307620	2.271500	-0.620440	-0.086705	0.754452	0.703873	-0.501880	1.496795	1.952301	0.236422	0.486843	0.425283	-1.833205	1.487271	0.310741	-0.425006	-2.625440	-0.965434	0.248873	-0.205151	-1.038006	-0.695434	-2.200060	-0.905229	-0.936687	-0.780331	-0.191060	-0.715277	0.383175	0.292873	-0.124066	-0.707530	-0.617319	-1.766855	-1.284078	-1.433741	-0.289566	-1.391952	-1.607283	0.193090	-0.671476	0.988048	1.285795	0.839084	0.168584	0.649747	0.860675	-0.067958	0.659608	1.534042	1.536627	1.663946	0.956753	0.923446	2.486741	-0.149717	-1.686440	-0.903181	0.445602	1.576036	-0.992120	1.758729	-0.492054	-0.800741	-0.924042	-0.513837	-0.716542	-0.951741	0.253072	-0.675434	0.717054	-0.560506	-1.549988	-1.137271	-0.480777	-0.215807	0.458307	-0.515018	2.609482	-0.295813	0.153337	-0.692205	0.616072	1.564801	0.549090	0.372367	2.544807	-0.159458	-0.147494	-0.142361	1.421205	0.281837	1.376090	1.000934	-0.863783	-0.149331	1.145139	0.176560	0.732030	-1.512452	0.785741	-0.263072	0.663235	-1.782934	0.927861	-0.020084	0.574910	0.920193	-1.132030	-0.716428	1.306000	0.336133	1.008096	-1.774120	0.530596	-0.185386	1.324657	0.086831	-1.197090	-0.299000	1.342578	-1.578542	-0.511157	0.318199	-0.332386	2.613783	-1.101892	0.165711	-1.436470	-1.001741	1.008536	-0.113036	0.367494	0.275759	0.414247	0.645102	-0.344753	-0.386687	-0.469970	0.858428	0.558289	-0.099795	0.183265	-0.688663	-0.837410	0.593982	0.674940	-0.933831	-0.137428	-1.353373	0.200849	-0.405331	1.624434	0.956042	-0.463711	0.102867	-0.074030	-0.726795	1.854669	-0.728711	1.176223	-0.301639	0.611108	1.451000	-0.457422	0.295608	1.050657	-1.049060	1.868910	-0.144946	-0.940084	0.695042	1.288741	-0.213693	1.787934	-0.151922	-0.666476	0.609717	-1.222783	-1.102295	-0.107524	-1.279843	-0.170699	1.314175	0.639416	0.347717	-0.730651	0.061687	0.875645	-0.869614	-0.014042	1.719157	0.969301	-0.282223	0.287259	0.399657	-0.663416	-0.124934	0.631608	-1.616193	1.012639	-1.689024	-0.480663	-0.355367	1.831578	0.171012	1.648590	0.367494	-1.213807	0.064102	0.154072	0.094036	2.035217	2.316717	0.531410	1.694729	-0.650271	-1.499048	0.533705	-1.449271	-0.434422	0.133464	-0.032922	0.391048	-0.055524	1.388181	0.124651	-0.401283	-0.805048	0.619771	1.300880	2.033904	0.989500	-1.441446	-1.031566	0.776494	-0.512151	-0.354536	-0.325705	-1.249187
1.000000	-0.226378	0.590507	-0.152966	0.580655	0.445142	-0.863392	-0.923764	-0.158561	0.167014	0.545507	-0.690162	0.049345	-0.799426	0.835804	-0.433277	-0.029439	-1.085926	-0.102655	-0.361095	1.104162	-0.904824	0.925662	0.590372	0.768703	0.502723	1.839764	-0.849426	0.540324	-0.343162	-0.481824	-0.856689	-0.780074	-0.945973	-0.728081	1.269169	1.919574	2.055297	-0.746736	1.066973	-1.874189	-0.596588	-0.317236	0.076932	-1.068669	-1.943088	-1.231500	-0.151176	1.664446	-1.249115	0.196345	1.259743	-0.684203	-0.046162	1.961365	1.730095	1.809905	-0.481885	-1.754980	-0.304750	0.294865	-0.444088	2.135547	-0.367568	0.320655	1.059250	0.572081	-0.556405	1.480919	1.883892	0.199932	0.953818	0.184081	-1.987791	1.768696	0.303858	-0.483764	-2.477878	-1.285135	0.210520	0.136081	-1.305216	-0.709068	-1.953804	-0.509142	-1.030068	-1.089547	-0.086554	-0.596459	0.333027	0.502243	0.303007	-0.667318	-0.402507	-1.446953	-1.131838	-1.222500	-0.315689	-1.641034	-2.018142	0.182804	-0.427595	0.783236	1.477905	0.945568	0.490865	0.545547	0.389682	-0.013905	0.414899	1.483493	1.472723	1.892568	1.212682	0.895128	3.121905	-0.318750	-1.699628	-0.450682	0.524385	1.694182	-0.981405	1.987662	-0.905932	-0.539588	-0.715297	-0.338851	-0.639108	-0.911534	0.470757	-0.851236	0.219865	-0.726459	-1.426568	-1.316318	-0.708068	0.150946	0.374426	-0.482669	2.692568	-0.310486	0.483899	-0.857378	0.977399	1.612507	0.450669	0.475919	2.611264	-0.559932	-0.288277	-0.765804	1.540054	0.502568	1.496405	1.159135	-0.924696	0.140108	1.292858	-0.280649	1.234426	-1.553716	1.395926	-0.441176	0.957068	-1.561034	0.760676	-0.150439	0.461027	0.953189	-1.142824	-0.580858	1.064399	0.222122	0.995149	-1.605899	0.602926	0.238655	1.347676	0.638027	-1.157378	-0.422770	1.167405	-1.451811	-0.433743	0.074155	-0.200973	1.980689	-0.544162	0.122250	-1.227020	-0.311507	1.138115	-0.083669	0.211818	0.416723	0.439595	0.475588	-0.418473	0.210743	-0.519973	0.955655	0.951027	0.071291	0.634297	-0.574358	-0.853655	0.526189	0.719216	-1.003007	-0.041034	-1.985095	0.181331	-0.397446	1.635959	0.383601	-0.748500	0.083696	-0.227412	-0.859486	1.833696	-0.319486	1.271230	-0.076128	0.828243	1.531412	-0.492824	0.563209	1.330378	-1.149007	2.034784	-0.428155	-1.069628	0.751966	1.690439	-0.322662	1.911230	-0.194014	-0.515203	0.515777	-1.218000	-0.895601	-0.056324	-1.314405	-0.199804	0.898811	0.677189	0.386392	-0.958601	0.460473	0.721486	-0.853243	0.058669	1.913662	0.687480	-0.107176	0.103878	0.805000	-0.522372	0.123743	0.645095	-1.816851	0.824277	-1.577189	-0.443561	-0.626041	1.980291	-0.004932	1.971149	0.240149	-1.399872	0.501514	-0.301257	0.174831	1.937284	2.077385	0.864331	1.434703	-0.767899	-1.603223	0.408236	-1.360568	-0.424182	-0.139804	-0.049797	0.411764	-0.248108	1.347892	0.203128	-0.384074	-0.925885	0.555588	1.462419	1.624000	1.035622	-2.000439	-0.702101	0.993257	-0.538446	-0.397865	-0.290615	-0.883453
0.000000	-0.212480	0.643195	-0.302523	0.097250	0.410674	-1.044340	-1.072701	-0.190404	0.174381	0.175178	-0.625859	0.038686	-0.569857	0.781145	-0.172957	-0.162484	-1.209783	-0.281846	-0.369240	1.317340	-1.086881	0.951422	0.476016	0.646607	0.580936	1.859939	-0.874086	0.250570	-0.129094	-0.536340	-0.820627	-0.955926	-0.814320	-0.562701	1.662020	1.870539	1.745295	-0.880133	1.087119	-1.832223	-0.710609	-0.044553	-0.106531	-1.104459	-2.375775	-1.302016	-0.258006	1.330268	-1.366143	0.149455	0.886270	-1.015406	-0.346691	2.255492	1.715316	1.782383	-0.632754	-1.817777	-0.339275	0.253924	-0.389777	2.098328	-0.614746	0.059623	1.003740	0.812732	-0.637135	1.395766	2.140922	0.069121	0.760824	0.332119	-1.981125	1.623098	0.388033	-0.218867	-2.296000	-1.208002	0.366057	0.195482	-1.381656	-0.586861	-2.084305	-0.608344	-0.987818	-1.305967	-0.144029	-0.601988	0.626631	0.359473	0.238246	-0.808137	-0.544043	-1.379047	-1.187934	-1.336047	-0.248822	-1.529910	-1.883480	0.202281	-0.532428	0.840543	1.315775	0.629434	0.491641	0.418594	0.627678	-0.161113	0.572330	1.620141	1.584043	1.790316	0.982193	1.050754	2.928029	-0.582371	-1.752264	-0.547428	0.746529	1.693482	-0.976707	1.514393	-0.494115	-0.561129	-0.862676	-0.556947	-0.582475	-1.206074	0.356703	-0.796803	0.757279	-0.738049	-1.421732	-1.149662	-0.683957	0.044164	0.569426	-0.368553	2.603385	-0.202730	0.131119	-0.664301	1.151900	1.537338	0.329908	0.282285	2.819352	-0.247184	-0.296617	-0.460006	1.466141	0.172730	1.532684	1.056002	-1.075223	0.031338	1.383541	-0.257232	1.187836	-1.442744	1.199422	-0.568449	0.919934	-1.552463	1.078709	0.001576	0.524762	0.892898	-1.366971	-0.873730	1.168008	0.397672	1.183641	-1.389602	0.386828	0.047281	1.142734	0.198174	-1.219318	-0.327906	1.389064	-1.460008	-0.259178	0.021477	-0.171291	2.541143	-0.588223	0.305744	-1.429236	-0.184475	1.117377	-0.234135	0.598199	0.503551	0.551381	0.568527	-0.522809	0.075195	-0.441580	0.856297	0.948756	-0.097424	0.413760	-0.506578	-0.701166	0.802254	0.772107	-1.075217	0.025064	-1.814445	0.533002	-0.131502	1.643166	0.449867	-0.509211	0.336322	-0.153043	-0.679111	1.972012	-0.289109	1.280473	-0.340930	0.929643	1.325057	-0.582557	0.609314	1.175338	-1.181686	2.066873	-0.499900	-0.925473	0.649457	1.655334	-0.479025	2.036943	-0.448475	-0.643885	0.525293	-1.201846	-1.019289	0.037975	-1.208807	-0.407922	1.058510	0.574889	0.266889	-0.702227	0.329926	0.762240	-0.800582	-0.070850	1.910787	0.897139	-0.252568	0.205814	0.511010	-0.689051	-0.038098	0.833135	-1.889064	0.804994	-1.413732	-0.337502	-0.378643	2.288541	-0.286740	1.574041	-0.189994	-1.184406	0.023766	0.046537	-0.071801	2.038867	2.222246	0.551004	1.508607	-0.824557	-1.628490	0.484016	-1.238152	-0.283613	-0.201514	-0.356650	0.467422	-0.032754	1.417676	0.222221	-0.322154	-0.816295	0.715910	1.149635	1.774869	0.737289	-1.570338	-0.961014	0.677889	-0.584744	-0.284662	-0.223277	-1.030322
1.000000	-0.221929	0.800031	-0.179663	0.373000	0.513531	-1.118041	-1.240071	0.044857	0.067990	0.571378	-0.675388	0.076388	-0.726837	0.707582	-0.482745	-0.034357	-0.966622	-0.425439	-0.581735	1.641724	-1.054000	1.312398	0.776490	0.552745	0.576439	1.707633	-0.796990	0.362388	0.222806	-0.653296	-1.039541	-0.843847	-0.549704	-0.621449	1.353786	2.323684	1.634561	-1.264306	1.310745	-1.863194	-0.797990	-0.299296	-0.324306	-1.152316	-1.973469	-1.094235	-0.245990	1.457153	-1.463429	0.029031	0.943959	-0.682827	-0.117643	2.276520	1.804908	1.851296	-1.025265	-1.749235	-0.494796	0.352010	-0.311245	2.025102	-0.679602	-0.075939	0.854969	0.729796	-0.167602	1.525082	2.138949	0.276173	1.126276	0.212102	-1.731929	1.604327	0.860949	-0.373878	-2.213265	-1.244398	-0.009735	0.448929	-1.515082	-0.861847	-2.063020	-0.412847	-0.817847	-1.131041	-0.109663	-0.576296	0.543929	0.631796	0.531755	-0.555316	-0.652878	-1.813541	-1.079735	-1.424214	-0.237878	-1.342755	-1.827571	0.185102	-0.158122	0.738765	1.630459	0.781531	0.488051	0.340388	0.614020	0.328684	0.692500	1.316418	1.740622	1.676969	1.012194	0.857051	2.828735	-0.416612	-1.817704	-0.981327	0.716143	1.751122	-1.043337	1.416459	-0.551306	-0.566939	-0.671235	-0.401847	-0.864806	-1.063204	0.555347	-0.562643	0.596388	-0.775041	-1.605694	-0.748949	-0.633102	0.026908	0.568020	-0.347969	2.945500	-0.536531	-0.192061	-0.752878	1.002633	1.621653	0.423112	0.293867	2.982235	-0.462245	-0.326306	-0.279245	1.552133	0.254245	1.470184	0.984214	-0.963786	-0.001541	1.415010	-0.170398	1.226531	-1.433041	1.208051	-0.783092	0.765878	-1.488245	0.944235	0.268337	0.504480	0.939000	-1.274939	-1.076561	1.036847	0.568235	1.081194	-1.399633	0.585582	-0.059031	1.240980	0.177316	-1.012408	-0.309316	1.244469	-1.537735	-0.139378	0.006898	-0.129949	2.598367	-0.550551	0.135622	-1.484194	-0.341245	0.819214	0.216367	0.854449	0.575888	0.284143	0.115092	-0.970092	-0.141000	-0.466949	0.996939	0.917969	0.190306	0.688765	-0.780990	-0.657602	0.750010	0.392878	-0.913000	0.049204	-1.944918	0.361745	-0.202878	1.602378	0.518459	-0.166357	0.269847	-0.132541	-0.636265	1.823990	-0.225704	1.547102	-0.603173	1.309653	1.255684	-0.668490	-0.042327	1.348531	-1.068255	1.642704	-0.681204	-0.847867	0.563684	1.623837	-0.556500	2.141969	-0.260367	-0.553071	0.654357	-1.244735	-0.745857	0.155990	-1.243255	-0.097582	1.096510	0.635541	0.115673	-0.595194	0.177224	0.512806	-1.181745	-0.282980	1.615582	1.061949	-0.344173	-0.126582	0.347786	-0.830633	-0.195286	1.008837	-1.870857	0.649582	-1.336908	-0.379031	-0.712643	2.012735	-0.460194	2.051765	0.130439	-1.167316	0.272612	-0.424653	0.451643	1.869041	1.954878	0.699816	1.610327	-1.080347	-1.365214	0.680398	-1.436500	-0.299163	-0.094684	-0.333357	0.488531	0.034163	1.301163	0.141204	-0.464316	-0.776204	0.751439	1.142163	1.607959	1.127704	-1.247735	-1.123480	0.345306	-0.508306	-0.071510	-0.491582	-1.138122
1.000000	-0.202339	0.455211	-0.131413	0.186028	0.411312	-0.855046	-1.198037	-0.728899	0.278486	0.386606	-0.768073	0.371046	-0.631890	0.606193	-0.644165	0.010018	-1.016404	-0.146220	-0.768165	1.484587	-0.711450	1.478651	0.740064	0.387862	0.164440	1.913835	-0.988321	0.416587	-0.568193	-0.900826	-0.358679	-1.248128	-0.795817	-0.934862	1.305798	2.103532	1.773202	-0.831128	1.093211	-1.792697	-0.699578	-0.114000	0.067890	-1.005844	-2.424991	-1.453890	-0.386404	1.290385	-1.270982	0.282844	0.692018	-0.938294	0.423239	1.637807	2.031339	1.771083	-1.015972	-1.639046	-0.228376	0.130761	-0.079450	1.901477	-0.615495	-0.136459	0.886725	0.862954	-1.045606	0.987422	1.655890	0.360202	0.218523	0.057826	-1.632211	1.513743	0.593128	-0.234514	-2.596385	-1.220532	0.171890	0.089661	-0.975073	-0.828064	-2.069028	-0.785239	-1.081092	-1.185872	-0.006394	-0.806697	0.271826	0.200495	0.222890	-0.621569	-0.130670	-1.226835	-1.269248	-1.525459	-0.088000	-1.291404	-2.135284	-0.006844	-0.425633	0.918927	1.401945	1.030413	0.248908	0.528284	0.241257	-0.087339	0.766147	1.409991	1.720477	1.927376	0.987229	0.694587	2.822569	-0.162752	-1.778826	-0.410963	0.794688	1.548220	-0.828789	1.760963	-0.565367	-0.731248	-0.550596	-0.660963	-0.622872	-0.989119	-0.004266	-0.424807	0.818083	-0.588413	-1.713560	-1.286046	-0.309550	0.090771	0.364248	-0.786018	2.613422	-0.160239	0.165092	-0.804119	0.840578	1.485220	0.651028	0.298945	2.876908	-0.321514	-0.028917	-0.322651	1.845560	0.301917	1.633514	0.678000	-1.052771	-0.495394	1.142394	-0.130505	1.071266	-1.616156	0.819706	-0.297266	0.796459	-1.532523	0.977569	-0.231394	0.247156	0.943743	-1.035183	-0.997890	1.231908	0.002459	1.078339	-1.545991	0.467422	0.036018	1.027862	0.179936	-1.226651	-0.428312	1.481615	-1.706165	-0.091422	-0.109771	-0.221000	2.271073	-0.931835	0.620440	-1.784330	-0.805835	1.141661	-0.143505	0.427495	0.436514	0.372972	-0.038349	-0.266826	-0.128817	-0.697817	0.934422	0.849752	-0.107477	0.198807	-0.762385	-0.597330	0.662917	0.822532	-1.162881	-0.014532	-1.807972	0.491954	-0.796321	1.544037	0.211229	-1.204780	0.229119	-0.084862	-0.835211	1.905284	-0.217330	0.857606	-0.383743	1.076229	1.715101	-0.792954	0.466202	1.292807	-1.235560	2.128009	-0.135110	-1.136138	0.698697	1.582211	-0.727743	2.156734	-0.088284	-0.116752	0.237908	-1.355908	-0.527284	0.052991	-1.388211	-0.098835	1.499835	0.908514	0.679385	-1.002734	0.339642	1.281945	-0.951991	-0.523743	1.591303	1.039119	-0.285055	0.349037	0.375138	-0.143670	0.123982	0.701706	-1.804725	0.538688	-2.214606	-0.199826	-0.539440	1.967761	0.123009	2.149624	-0.435394	-1.054991	0.393211	-0.217138	-0.156899	2.172165	2.255789	0.220450	1.571394	-0.617000	-1.574541	0.029229	-1.046569	-0.301239	-0.062596	-0.088431	0.772138	-0.309789	1.328431	0.376560	-0.272193	-0.729330	0.525349	1.353734	1.952431	0.825927	-1.686275	-0.653073	1.277248	-0.297138	-0.325936	-0.206248	-1.101101
